{
    "RandomForest": {
        "accuracy": 0.8875,
        "f1_score": 0.847457627118644,
        "precision": 0.8064516129032258,
        "log_loss": 4.054911006275679,
        "confusion_matrix": [
            [
                46,
                6
            ],
            [
                3,
                25
            ]
        ]
    },
    "LogReg": {
        "accuracy": 0.8625,
        "f1_score": 0.7755102040816326,
        "precision": 0.9047619047619048,
        "log_loss": 4.956002341003609,
        "confusion_matrix": [
            [
                50,
                2
            ],
            [
                9,
                19
            ]
        ]
    }
}